จัดเก็บ ,แบรนด์,รุ่น,ทะเบียน,รายละเอียด ,ฟังก์ชั่น / อุปกรณ์เสริม,เกียร์,ปีรถ,สีรถ,"เลข
ไมล์",ราคา,ราคากลาง   AY,"แหล่ง
ที่มา","วันที่
ตั้งขาย
(ลงเป็น ค.ศ.)","สถานะ
รถเก่า",รถจอด,สคบ.,ใบเทียบราคา,ยอดผ่อน,"ชื่อ
เซลล์","ยอด
จอง","วันที่
จอง","วันที่
จัด FN.","ชื่อ
FN",สถานะ FN.,"กำหนด
รับรถ",วันที่รับจริง,"อัลบั้มรถ
เข้าใหม่","อัลบั้มรถ
หลังชง","ลิ้งค์
เว็บไซต์","ลิ้งค์
YT.","ลิ้งค์
TT.",รูปกราฟฟิค,"สำเนาทะเบียน
รถเก่า","สำเนาทะเบียน
รถอัพเดทใหม่",เอกสารตรวจรถ,ใบเทียบราคา,ที่จอด,FN. TTB,"ดอก
เบี้ย",ดาวน์,ผ่อน,"FN.
 KK","FN.
 AY","FN.
 SCB","ลำดับ
เล่ม",วันที่มีเล่ม,ภาษี,พรบ.,หมายเหตุ,"ทะเบียน
(เดิม)","สถานะรถ
อัตโนมัติ","กำหนดล้าง
ครั้งแรก",วันที่ล้างเสร็จ,"กำหนด
ชงรถ",วันที่ชงเสร็จ,ลปม,วันที่ QC,"วันที่ทำ Check List
(Sale 2 จองซ้อน)",พรบ.,สำเนารถ,"กุญแจสำรอง
(ชุด)","ระบบไฟ
5.1ไฟรอบคัน","ระบบไฟ
5.2 แอร์","ระบบไฟ
5.3. แบตฯ",ความสะอาด,ลองรถก่อนปล่อย,"อุปกรณ์ภายใน
8.1 ยางอะไหล่","อุปกรณ์ภายใน
8.2 ถุงเครื่องมือ","อุปกรณ์ภายใน
8.3 แม่แรง","อุปกรณ์ภายใน
8.4 ผ้ายาง","อุปกรณ์ภายใน
8.5 เปลี่ยนถ่ายน้ำมันเครื่อง",ของแถม_1,ของแถม_2,ของแถม_3,ของแถม_4,ของแถม_5,อื่น ๆ,เลขเครื่องยนต์,เลขตัวถัง,"สถานะเก็บ
เลขตัวถัง",ประเภทรถ,"ลำดับ
เจ้าของรถ","ชื่อ สกุล
เจ้าของรถ","ชนิด
เชื้อเพลิง","วันที่
จดทะเบียน",1.ล้อแม็ก,ชื่ออู่,"วันส่งซ่อม
(ล้อแม็ก)","กำหนดเสร็จ
(ล้อแม็ก)","เสร็จจริง
(ล้อแม็ก)","แนบเอกสาร
(ล้อแม็ก)",2.เบาะ,ชื่ออู่,"วันส่งซ่อม
(เบาะ)","กำหนดเสร็จ
(เบาะ)","เสร็จจริง
(เบาะ)","แนบเอกสาร
(เบาะ)",3.อู่สี,ชื่ออู่,"วันส่งซ่อม
(สี)","กำหนดเสร็จ
(สี)","เสร็จจริง
(สี)","เอกสารแนบ
(สี)","4.ระบบไฟ
วิทยุ",ชื่ออู่,"วันส่งซ่อม
(ไฟ/วิทยุ)","กำหนดเสร็จ
(ไฟ/วิทยุ)","เสร็จจริง
(ไฟ/วิทยุ)","เอกสารแนบ
(ไฟ/วิทยุ)",5.ช่วงล่าง,ชื่ออู่,"วันส่งซ่อม
(ช่วงล่าง)","กำหนดเสร็จ
(ช่วงล่าง)","เสร็จจริง
(ช่วงล่าง)","เอกสารแนบ
(ช่วงล่าง)",6.ตั้งศูนย์,ชื่ออู่,"วันส่งซ่อม
(ตั้งศูนย์)","กำหนดเสร็จ
(ตั้งศูนย์)","เสร็จจริง
(ตั้งศูนย์)","เอกสารแนบ
(ตั้งศูนย์)",7.แอร์,ชื่ออู่,"วันส่งซ่อม
(แอร์)","กำหนดเสร็จ
(แอร์)","เสร็จจริง
(แอร์)","เอกสารแนบ
(แอร์)","เช็ค
ขั้นตอนที่ 3","ระบุ รายละเอียด
ที่ต้องเก็บงานขั้นตอนที่ 3","วันส่งซ่อม
(ขั้นตอนที่ 3)","กำหนดเสร็จ
(ขั้นตอนที่ 3)","เสร็จจริง
(ขั้นตอนที่ 3)","ความสะอาด
(ขั้นตอนที่ 4)","พร้อมใช้
(ขั้นตอนที่ 4)","กรอบป้าย
(ขั้นตอนที่ 4)","เครื่องยนต์
(โดยช่าง)","ระบบไฟฟ้า
(โดยช่าง)","เอกสาร
(โดยช่าง)","ระบบเกียร์ / คลัช
(โดยช่าง)","ระบบเบรค
(โดยช่าง)","ระบบแอร์
(โดยช่าง)","ระบบช่วงล่าง
(โดยช่าง)","ความสะอาด
(โดยช่าง)","ระบุรายละเอียด
ที่ต้องเก็บงานถ้ามี (โดยช่าง)","ลิ้งค์
ตรวจสภาพ","วันที่ถ่าย
รถเข้าใหม่","วันที่ถ่าย
รถชงเสร็จ","วันที่ลง
เว็บไซต์",หมายเหตุ